{"cameraMode":{"drawMode":0,"name":"Shaded","section":"Shading Mode"},"sceneLighting":false,"audioPlay":false,"sceneViewState":{"m_AlwaysRefresh":false,"showFog":false,"showSkybox":false,"showFlares":false,"showImageEffects":false,"showParticleSystems":false,"showVisualEffectGraphs":true,"m_FxEnabled":true},"in2DMode":false,"pivot":{"x":0.07001432776451111,"y":0.9613772630691528,"z":-1.3995319604873658},"rotation":{"x":0.0035813392605632545,"y":0.995594322681427,"z":-0.08235558122396469,"w":0.04872862249612808},"size":1.446620225906372,"orthographic":false}