{"cameraMode":{"drawMode":0,"name":"Shaded","section":"Shading Mode"},"sceneLighting":false,"audioPlay":false,"sceneViewState":{"m_AlwaysRefresh":false,"showFog":false,"showSkybox":false,"showFlares":false,"showImageEffects":false,"showParticleSystems":false,"showVisualEffectGraphs":true,"m_FxEnabled":true},"in2DMode":false,"pivot":{"x":-0.29893118143081667,"y":0.5532277822494507,"z":-1.5737335681915284},"rotation":{"x":0.008632326498627663,"y":0.97318035364151,"z":-0.22737975418567658,"w":0.038920264691114429},"size":1.9191534519195557,"orthographic":false}