{"cameraMode":{"drawMode":0,"name":"Shaded","section":"Shading Mode"},"sceneLighting":false,"audioPlay":false,"sceneViewState":{"m_AlwaysRefresh":false,"showFog":false,"showSkybox":false,"showFlares":false,"showImageEffects":false,"showParticleSystems":false,"showVisualEffectGraphs":true,"m_FxEnabled":true},"in2DMode":false,"pivot":{"x":-0.1252327263355255,"y":0.44467830657958987,"z":-0.3990306854248047},"rotation":{"x":-0.05236766114830971,"y":0.9332414865493774,"z":-0.32272934913635256,"w":-0.15011347830295564},"size":0.752733051776886,"orthographic":false}