{"cameraMode":{"drawMode":0,"name":"Shaded","section":"Shading Mode"},"sceneLighting":false,"audioPlay":false,"sceneViewState":{"m_AlwaysRefresh":false,"showFog":true,"showSkybox":false,"showFlares":true,"showImageEffects":true,"showParticleSystems":true,"showVisualEffectGraphs":true,"m_FxEnabled":true},"in2DMode":false,"pivot":{"x":3.26128888130188,"y":0.29294854402542117,"z":1.9539910554885865},"rotation":{"x":-0.27832162380218508,"y":-0.005944986827671528,"z":0.0021556138526648285,"w":-0.9606233835220337},"size":6.951853275299072,"orthographic":false}